LON,LAT,RANGE,AZIMUTH,PROB,MAXSIZE
-101.78591,28.98314,81,258,100,2.75
-89.07654,35.64111,153,287,-999,-999
-88.55184,35.56117,127,288,-999,-999
-88.42058,35.71744,124,293,60,0.5
-101.40285,35.57671,140,302,-999,-999
-99.91948,36.56829,140,341,-999,-999
-100.1724,36.74006,154,338,-999,-999
-100.79141,36.52176,157,326,-999,-999
-101.56239,39.17271,130,70,-999,-999
-101.60977,39.3627,132,65,-999,-999
-100.88311,35.60797,120,309,100,0.5
-101.66452,39.03307,123,73,100,0.75
-90.20969,32.12169,133,311,-999,-999
-89.97654,32.30605,132,318,-999,-999
-89.6421,32.04554,109,319,20,0.5
-89.9309,32.15801,124,316,20,0.5
-89.34767,32.07289,101,326,90,1
-89.69083,32.14244,115,320,90,1
-100.76414,36.54196,175,165,-999,-999
-102.14015,41.45841,127,351,-999,-999
-101.58713,39.41546,6,61,30,0.5
-101.405,40.27286,56,14,30,0.5
-101.25089,39.79387,33,39,60,0.5
-101.35583,40.3492,61,15,90,0.5
-101.56468,39.21663,11,145,90,0.75
-101.64342,39.05316,19,172,100,1
-102.26761,41.9633,132,169,-999,-999
-84.95919,30.61075,57,153,40,0.5
-101.36655,29.00022,149,198,-999,-999
-101.6593,29.06073,151,204,-999,-999
-101.76777,28.95671,159,205,-999,-999
-101.32069,29.12775,141,198,-999,-999
-87.70852,35.67282,67,198,20,0.5
-88.43504,35.68959,84,222,30,0.5
-88.67633,35.67026,93,227,30,0.5
-88.5445,35.54626,94,221,50,0.5
-89.06481,35.62875,109,233,100,0.5
-79.34894,30.90328,136,140,-999,-999
-84.95842,30.61969,50,86,60,0.5
-89.33468,32.08805,35,109,90,1
-89.67495,32.1339,18,119,100,1
-100.87398,35.60148,147,66,-999,-999
-101.39981,35.5779,123,62,60,0.5
-101.29815,29.10559,175,259,-999,-999
-86.41419,36.06101,13,68,30,0.5
-101.09597,36.39907,76,23,80,0.5
-101.35218,35.61903,29,37,80,0.5
-99.93908,36.55204,117,47,90,0.5
-100.68084,35.71267,58,60,90,0.5
-100.85898,35.63059,48,60,100,0.75
-100.76799,36.54472,91,30,100,0.75
-101.54232,39.6537,145,198,-999,-999
-101.27146,39.8035,133,194,-999,-999
-101.51865,39.21475,170,195,-999,-999
-101.64788,39.03416,182,196,-999,-999
-101.56894,39.43322,158,197,-999,-999
-101.72922,39.34961,165,199,-999,-999
-102.20678,41.94642,73,270,50,0.5
-102.11818,41.47916,75,248,60,0.5
-102.06519,41.67001,69,256,60,0.5
-102.06215,41.4269,74,245,60,0.5
-101.37273,40.27843,107,200,90,0.5
-101.5574,39.2107,143,103,-999,-999
-101.615,39.38874,138,99,-999,-999
-101.65734,39.01778,142,108,-999,-999
-90.33464,28.21116,130,192,-999,-999
-90.83241,27.56722,174,198,-999,-999
-90.84957,27.9615,152,201,-999,-999
-91.02748,27.37849,188,200,-999,-999
-90.73979,28.10394,142,200,-999,-999
-90.64954,27.58989,170,195,-999,-999
-89.90105,32.19,111,358,10,0.5
-89.64901,32.05083,103,5,20,0.5
-90.19984,32.14599,110,350,40,0.5
-89.94744,32.32203,119,357,70,0.5
-89.34851,32.09393,108,13,90,1.25
-89.67578,32.15321,109,4,100,1.25
-79.35974,30.89357,188,89,-999,-999
-81.44684,29.82127,103,128,50,0.5
-84.92906,30.61172,101,261,70,0.5
-89.05231,35.64513,165,72,-999,-999
-100.86594,35.61899,149,244,-999,-999
-101.10045,36.40886,145,263,-999,-999
-100.76549,36.52555,128,265,-999,-999
-99.9187,36.57576,87,264,90,0.5
-102.23335,41.97812,126,66,-999,-999
-102.06337,41.40956,125,82,-999,-999
-102.11939,41.47696,123,80,20,0.5
-81.47713,29.80249,110,337,20,0.5
-79.34133,30.9334,125,77,-999,-999
-81.61123,28.18033,138,178,-999,-999
-79.13966,31.6748,150,61,-999,-999
-80.50705,29.46988,87,134,10,0.5
-79.72604,30.19824,104,99,20,0.5
-81.19331,28.68448,111,166,30,0.5
-79.60436,30.37283,109,93,40,0.5
-79.58642,30.78985,111,80,50,0.5
-79.40327,30.74375,120,82,60,0.5
-104.15613,29.72889,167,218,-999,-999
-104.54157,30.79543,139,241,-999,-999
-101.77271,28.95681,180,173,-999,-999
-101.27196,29.12869,175,164,-999,-999
-80.9677,26.63046,128,18,-999,-999
-89.2394,35.82635,124,339,-999,-999
-89.87656,32.20276,128,218,-999,-999
-89.69021,32.17267,124,214,-999,-999
-88.79241,35.14135,78,343,20,0.5
-88.4831,35.69551,108,356,30,0.5
-89.48926,32.10956,122,209,50,0.5
-88.54246,35.55709,100,354,60,0.5
-89.92879,32.32373,124,221,80,0.5
-88.7275,35.31151,87,347,80,0.5
-89.03031,35.65742,111,342,100,0.75
-89.35229,32.10657,119,206,100,1
-89.04018,35.64156,126,254,-999,-999
-86.37797,36.06789,14,140,10,0.5
-87.73784,35.6653,67,239,10,0.5
-88.67688,35.70124,108,253,50,0.5
-88.53733,35.54587,105,247,60,0.5
-88.45944,35.69941,98,251,60,0.5
-101.62328,39.04195,125,73,-999,-999
-101.53767,39.21959,132,69,-999,-999
-101.70812,39.37023,128,64,-999,-999
-96.46158,24.70915,89,144,10,0.5
-95.95037,24.93577,99,126,20,0.5
-96.28989,24.68219,96,140,60,0.5
-88.99766,35.50703,44,77,10,0.5
-88.77941,35.14919,55,102,20,0.5
-88.5539,35.56685,66,78,40,0.5
-88.464,35.68816,72,73,40,0.5
-89.23884,35.84187,43,46,80,0.5
-89.03219,35.64756,45,66,100,0.75
-88.73313,35.30701,56,92,80,1
-100.86712,35.62706,135,199,-999,-999
-101.39711,35.5563,149,208,-999,-999
-101.15606,39.81281,135,336,-999,-999
-102.34012,35.93826,158,227,-999,-999
-101.18944,39.68924,129,334,-999,-999
-99.91773,36.57699,71,178,100,0.5
-101.64833,39.05867,111,315,100,0.75
-101.55409,39.22025,115,320,100,1
-100.72965,36.55423,81,207,100,1
-89.94307,32.33199,132,319,-999,-999
-89.9309,32.15801,124,316,30,0.5
-89.6733,32.17694,116,321,100,1
-89.32987,32.1033,102,327,100,1
-89.03709,35.6323,151,287,-999,-999
-88.42058,35.71744,124,293,-999,-999
-88.53226,35.55641,126,288,-999,-999
-86.40302,36.05273,69,347,30,0.5
-84.97384,30.62167,36,292,10,0.5
-88.65356,35.68614,83,176,20,0.5
-88.44409,35.69143,84,169,50,0.5
-88.5455,35.56037,91,173,70,0.5
-89.23934,35.82225,78,197,70,0.5
-89.04709,35.65009,86,189,100,0.75
-88.73434,35.29908,106,179,100,0.75
-101.35964,35.60286,139,303,-999,-999
-100.74474,36.54768,157,327,-999,-999
-99.91948,36.56829,140,341,-999,-999
-100.67047,35.73148,117,315,90,0.5
-100.8565,35.63536,120,310,100,0.5
-102.22609,42.00338,130,168,-999,-999
-79.34894,30.90328,136,140,-999,-999
-86.39702,36.071,14,67,30,0.5
-101.27958,29.10924,174,259,-999,-999
-101.27595,29.11566,141,197,-999,-999
-101.75995,28.97194,158,205,-999,-999
-101.36655,29.00022,149,198,-999,-999
-100.83406,35.63161,128,22,-999,-999
-102.0948,41.48055,128,352,-999,-999
-101.23379,39.82607,35,38,60,0.5
-101.56812,39.45269,8,50,70,0.5
-101.35583,40.3492,61,15,70,0.5
-101.53607,39.23491,11,136,80,0.75
-101.60028,39.07696,18,165,100,1
-102.01961,28.90837,94,257,30,0.5
-100.8793,29.37366,32,281,40,0.5
-101.67431,29.09366,74,262,100,0.75
-102.07947,28.34184,110,240,100,2
-101.30726,29.09372,55,259,100,2
-101.7613,28.96412,80,257,100,2.75
-84.93823,30.60587,51,87,70,0.5
-89.33169,32.12913,144,245,-999,-999
-101.70934,39.36305,134,100,-999,-999
-101.63977,39.05678,142,107,-999,-999
-101.5574,39.2107,143,103,-999,-999
-84.93311,30.60357,58,152,30,0.5
-88.5181,35.57174,92,221,20,0.5
-88.47117,35.69356,85,223,40,0.5
-86.383,36.0507,60,133,40,0.5
-89.23942,35.8389,109,241,70,0.5
-89.03261,35.64933,107,233,100,0.5
-88.73781,35.30881,111,220,80,0.75
-101.07133,39.7888,132,190,-999,-999
-101.64224,39.05027,181,196,-999,-999
-101.523,39.70149,142,198,-999,-999
-101.19957,39.68855,139,192,-999,-999
-101.51333,39.23092,169,195,-999,-999
-102.02871,41.6975,67,257,40,0.5
-102.04263,41.85272,66,265,50,0.5
-102.08818,41.51182,73,249,50,0.5
-102.20617,42.01013,73,273,60,0.5
-101.33641,40.35707,102,200,80,0.5
-102.01419,41.46746,71,246,90,0.5
-81.43597,29.79951,109,338,10,0.5
-90.77704,28.13379,141,201,-999,-999
-90.82677,27.58318,173,198,-999,-999
-90.64954,27.58989,170,195,-999,-999
-90.34537,27.95733,145,191,-999,-999
-90.27859,28.26946,126,191,-999,-999
-91.02748,27.37849,188,200,-999,-999
-89.90105,32.19,111,358,20,0.5
-89.90735,32.34027,120,358,80,0.75
-89.67439,32.16988,110,4,90,1
-89.34401,32.11019,109,13,100,1.25
-80.55695,22.19379,157,156,-999,-999
-80.97354,26.61458,127,18,-999,-999
-89.67023,32.18252,17,110,80,0.75
-89.32366,32.11717,35,106,100,1.25
-101.35761,29.00547,181,166,-999,-999
-104.14462,29.74225,166,218,-999,-999
-101.27196,29.12869,175,164,-999,-999
-104.50813,30.81225,137,241,-999,-999
-101.77271,28.95681,180,173,-999,-999
-100.87398,35.60148,147,66,-999,-999
-101.36202,35.55301,124,63,70,0.5
-89.24233,35.84247,160,67,-999,-999
-89.01302,35.65442,167,72,-999,-999
-100.74494,36.52746,127,265,-999,-999
-100.6706,35.74726,137,245,-999,-999
-101.05963,36.41395,143,263,-999,-999
-100.86594,35.61899,149,244,-999,-999
-99.9187,36.57576,87,264,90,0.5
-101.05389,36.42052,78,24,30,0.5
-102.10469,35.89239,44,334,80,0.5
-101.30155,35.62866,31,40,90,0.5
-99.9237,36.5632,118,47,90,0.5
-100.69118,35.72731,58,59,90,0.5
-100.81467,35.66811,51,59,100,0.75
-100.7182,36.55949,93,31,100,0.75
-79.34036,30.89332,189,89,-999,-999
-81.43191,29.81081,104,128,30,0.5
-84.91004,30.61461,100,261,40,0.5
-101.61555,39.08165,126,72,-999,-999
-101.51743,39.22511,133,69,-999,-999
-89.90906,32.35742,132,320,-999,-999
-89.90052,32.18328,124,317,40,0.5
-89.68585,32.18979,117,321,90,0.75
-89.34072,32.11722,103,327,90,1.25
-102.23187,42.01851,127,65,-999,-999
-102.04701,41.44777,126,81,-999,-999
-89.25443,35.85742,126,339,-999,-999
-89.4692,35.79748,127,334,-999,-999
-87.69178,35.70878,113,16,10,0.5
-88.79844,35.1573,79,343,20,0.5
-87.45612,35.74867,119,21,20,0.5
-88.5088,35.57657,101,355,50,0.5
-88.68105,35.71028,110,351,70,0.5
-89.03031,35.65742,111,342,90,0.5
-89.91612,32.33651,123,221,80,0.75
-89.67945,32.18664,123,214,90,0.75
-88.73215,35.32776,88,347,90,0.75
-89.34386,32.12166,118,206,100,1
-88.74388,35.32561,133,281,-999,-999
-88.51905,35.59149,126,289,-999,-999
-89.00277,35.66993,150,288,-999,-999
-88.45571,35.68963,125,292,-999,-999
-87.45883,35.73758,83,306,10,0.5
-87.69811,35.71125,92,301,20,0.5
-86.40302,36.05273,69,347,40,0.5
-79.15695,31.66703,149,61,-999,-999
-81.65629,28.16258,139,179,-999,-999
-80.49345,29.45815,88,134,10,0.5
-81.15774,28.69244,111,165,20,0.5
-86.39153,36.0596,14,70,40,0.5
-79.67189,29.86001,112,109,40,0.5
-87.45094,35.74338,41,250,50,0.5
-79.88287,29.39789,115,124,50,0.5
-79.58513,30.37165,110,93,60,0.5
-79.38274,30.85328,122,79,80,0.5
-79.30104,30.91576,137,139,-999,-999
-88.45183,35.71318,73,72,30,0.5
-87.69069,35.70363,109,78,30,0.5
-88.51874,35.59274,68,77,40,0.5
-88.66902,35.71584,63,69,60,0.5
-89.0015,35.67338,47,65,80,0.75
-88.7116,35.33942,57,90,80,0.75
-89.23496,35.86259,44,45,90,0.75
-102.23507,42.03606,128,168,-999,-999
-88.67688,35.70124,108,253,50,0.5
-88.51478,35.58702,103,248,60,0.5
-88.44023,35.70515,97,251,60,0.5
-89.00116,35.65157,124,254,90,0.5
-88.72289,35.32563,119,243,90,1
-100.68623,36.55892,156,328,-999,-999
-101.32485,35.58534,137,303,-999,-999
-99.91948,36.56829,140,341,-999,-999
-95.89834,24.97321,100,124,10,0.5
-96.27829,24.71291,95,139,80,0.5
-100.82929,35.66236,120,311,100,0.5
-101.31392,29.00349,148,197,-999,-999
-101.65175,29.07608,150,204,-999,-999
-101.75995,28.97194,158,205,-999,-999
-87.69097,35.70534,97,147,20,0.5
-88.44793,35.70783,83,169,40,0.5
-88.51611,35.5803,90,172,50,0.5
-89.40884,35.78198,83,202,60,0.5
-89.01393,35.66299,85,188,90,0.5
-88.73504,35.33247,104,179,90,0.75
-89.22755,35.85422,76,197,90,0.75
-101.52324,39.247,144,102,-999,-999
-101.5421,39.41965,141,98,-999,-999
-101.60437,39.54947,137,95,-999,-999
-101.60268,39.0909,143,106,-999,-999
-80.54979,22.17844,158,156,-999,-999
-80.9677,26.63046,128,18,-999,-999
-102.03739,41.43592,125,353,-999,-999
-101.59676,39.58637,14,20,10,0.5
-101.23982,39.89152,38,34,50,0.5
-101.52369,39.46253,10,55,60,0.5
-101.27403,39.41265,20,82,60,0.5
-101.33865,40.39748,64,15,80,0.5
-101.52204,39.2736,10,124,90,1
-101.57163,39.11949,16,158,100,1.25
-100.81054,35.67788,131,22,-999,-999
-84.90057,30.62275,53,86,30,0.5
-104.07757,29.7405,164,217,-999,-999
-104.47468,30.82907,135,241,-999,-999
-101.71102,28.94688,181,172,-999,-999
-101.29943,29.0183,181,165,-999,-999
-90.96352,27.37657,187,199,-999,-999
-90.64954,27.58989,170,195,-999,-999
-90.82114,27.59913,172,198,-999,-999
-90.72718,28.13546,140,200,-999,-999
-90.39206,27.96557,145,192,-999,-999
-89.90105,32.19,111,358,30,0.5
-89.90805,32.35697,121,358,70,0.5
-89.6716,32.20321,112,4,90,0.75
-89.33502,32.14271,111,13,100,1.5
-100.8793,29.37366,32,281,10,0.5
-101.67039,29.07236,74,261,100,1
-101.29935,29.06241,55,257,100,2
-101.74284,28.96808,79,257,100,2.25
-102.04455,28.32327,109,239,100,2.25
-101.25121,39.8684,129,194,-999,-999
-101.40317,39.72639,139,196,-999,-999
-101.06043,39.83816,129,190,-999,-999
-102.13982,41.98809,70,272,20,0.5
-102.02838,41.77666,66,261,50,0.5
-102.02483,41.89214,65,267,50,0.5
-101.32186,40.38852,100,200,80,0.5
-102.02645,41.53055,70,249,90,0.5
-101.61264,39.56745,133,325,-999,-999
-101.54921,39.43779,125,324,-999,-999
-102.2815,35.98502,154,227,-999,-999
-101.06276,39.84441,135,338,-999,-999
-101.24913,39.87118,140,335,-999,-999
-101.49228,39.71063,137,329,-999,-999
-101.2866,35.64175,142,207,-999,-999
-100.79676,35.67864,131,198,-999,-999
-100.39102,36.57328,74,196,80,0.5
-101.53511,39.25477,116,321,100,0.75
-99.89211,36.57788,71,177,100,0.75
-100.71116,36.58409,79,207,100,1
-101.58971,39.10439,111,317,100,1
-89.33169,32.12913,144,245,-999,-999
-101.55393,39.09577,129,72,-999,-999
-101.51422,39.26733,134,68,-999,-999
-101.4927,39.44601,139,64,-999,-999
-87.45094,35.74338,41,250,50,0.5
-86.37041,36.06114,15,71,70,0.5
-88.72089,35.34852,177,79,-999,-999
-88.99337,35.65906,168,72,-999,-999
-90.62093,35.5381,91,62,10,0.5
-89.90906,32.35742,132,320,-999,-999
-89.90052,32.18328,124,317,40,0.5
-90.35525,31.28723,115,289,60,0.5
-89.65478,32.21136,117,322,80,0.75
-89.32171,32.14768,104,328,100,1.5
-81.67301,28.14485,48,69,10,0.5
-100.83535,35.68006,146,245,-999,-999
-100.72919,36.56586,126,266,-999,-999
-101.02609,36.45966,141,264,-999,-999
-99.89816,36.57781,86,264,90,0.5
-84.89882,30.61982,58,150,40,0.5
-79.30117,30.94847,191,88,-999,-999
-84.91004,30.61461,100,261,20,0.5
-81.40206,29.78986,106,128,30,0.5
-86.36831,36.06347,60,132,10,0.5
-87.68981,35.72051,64,198,10,0.5
-87.43225,35.75963,59,187,20,0.5
-88.5049,35.58448,91,221,20,0.5
-89.00039,35.6699,105,233,80,0.5
-88.67574,35.7434,90,229,80,0.5
-89.24082,35.87462,108,242,90,0.5
-88.7121,35.33471,109,220,80,0.75
-88.98314,35.66524,149,288,-999,-999
-88.72379,35.32286,132,281,-999,-999
-88.49957,35.58644,125,289,-999,-999
-88.4396,35.72359,125,293,-999,-999
-86.37454,36.04083,68,348,10,0.5
-87.44152,35.75721,83,307,10,0.5
-89.26195,35.87296,127,339,-999,-999
-88.51062,35.5932,102,355,40,0.5
-87.44112,35.77974,121,21,50,0.5
-89.89077,32.36205,121,221,70,0.5
-88.68759,35.74325,112,351,70,0.5
-88.99261,35.66735,111,343,80,0.5
-89.66868,32.20061,122,214,90,0.75
-88.70595,35.34972,89,348,90,0.75
-89.33544,32.13675,117,206,100,1.25
-89.65854,32.21572,17,103,80,0.75
-89.33632,32.14099,34,104,100,1.25
-79.28857,30.90297,138,139,-999,-999
-100.8569,35.65419,149,65,-999,-999
-101.3068,35.57472,127,63,-999,-999
-102.43649,35.88819,53,318,30,0.5
-99.89293,36.58552,120,47,90,0.5
-101.27969,35.63532,32,41,100,0.5
-100.77941,35.68504,53,59,100,0.75
-100.70737,36.57371,94,31,100,0.75
-102.17025,42.03829,130,65,-999,-999
-102.03158,41.48648,127,80,-999,-999
-101.51071,39.28777,144,101,-999,-999
-101.54573,39.12092,145,105,-999,-999
-79.30339,30.94023,127,77,-999,-999
-79.16383,31.71333,150,60,-999,-999
-81.61058,28.16362,139,178,-999,-999
-80.50705,29.46988,87,134,30,0.5
-79.56591,30.37046,111,93,50,0.5
-79.86121,29.42555,115,123,50,0.5
-79.38274,30.85328,122,79,70,0.5
-102.18623,42.04385,128,167,-999,-999
-80.58845,22.14493,159,157,-999,-999
-80.97937,26.59871,126,18,-999,-999
-101.3085,29.01951,147,197,-999,-999
-101.65175,29.07608,150,204,-999,-999
-101.71206,28.9533,158,204,-999,-999
-99.9264,36.58403,141,341,-999,-999
-100.38544,36.58528,150,333,-999,-999
-101.28162,35.6101,136,304,-999,-999
-100.07615,36.78881,155,340,-999,-999
-100.70874,36.58694,158,328,-999,-999
-100.80149,35.68896,120,312,100,0.5
-88.41271,35.72303,75,72,10,0.5
-89.41873,35.81761,36,38,20,0.5
-87.43754,35.77864,122,77,20,0.5
-88.67702,35.733,63,68,60,0.5
-88.98288,35.6803,48,65,70,0.5
-88.49877,35.59627,69,77,70,0.5
-88.77797,35.26149,54,95,70,0.5
-89.21743,35.89549,46,44,80,1
-88.69116,35.35612,58,89,100,1
-89.23734,35.87238,132,261,-999,-999
-87.501,35.76575,54,238,20,0.5
-88.42101,35.71088,96,251,30,0.5
-88.98165,35.65657,123,254,80,0.5
-88.70495,35.33353,118,243,90,1
-78.6515,32.64949,81,188,10,0.5
-101.29943,29.0183,181,165,-999,-999
-104.07757,29.7405,164,217,-999,-999
-104.44122,30.84587,133,241,-999,-999
-101.71102,28.94688,181,172,-999,-999
-103.5305,31.39948,76,245,70,0.5
-86.34785,36.13877,18,58,10,0.5
-86.35484,36.0753,16,69,50,0.5
-88.772,35.19862,112,180,10,0.5
-88.41886,35.71257,83,168,20,0.5
-88.5189,35.59684,89,172,80,0.5
-88.98384,35.65982,85,187,80,0.75
-89.21574,35.88619,74,197,90,1
-88.69878,35.34993,103,178,100,1
-101.52703,39.14167,131,71,-999,-999
-101.51422,39.26733,134,68,-999,-999
-101.47309,39.45288,140,64,-999,-999
-90.39588,27.9492,146,192,-999,-999
-90.24097,28.24642,127,190,-999,-999
-90.82114,27.59913,172,198,-999,-999
-89.47112,28.10255,135,172,-999,-999
-90.95761,27.39245,186,199,-999,-999
-90.72088,28.15122,139,200,-999,-999
-89.825,32.20785,112,360,10,0.5
-89.90805,32.35697,121,358,50,0.5
-89.6702,32.21987,113,4,90,0.75
-89.33053,32.15898,112,13,100,1.5
-81.6359,28.16074,49,56,10,0.5
-84.88128,30.62376,54,86,70,0.5
-101.39167,39.75857,137,196,-999,-999
-101.5452,39.13386,175,195,-999,-999
-101.4386,39.45732,155,195,-999,-999
-101.24107,39.90085,127,194,-999,-999
-101.99683,41.74241,65,259,20,0.5
-102.11678,42.00788,69,273,20,0.5
-102.00256,41.89329,64,267,60,0.5
-101.30729,40.41997,98,200,60,0.5
-101.98528,41.54302,68,249,70,0.5
-89.88712,32.39517,133,321,-999,-999
-100.81839,35.66245,130,22,-999,-999
-89.90052,32.18328,124,317,40,0.5
-90.33675,31.28209,114,289,60,0.5
-89.66707,32.22439,118,322,90,0.5
-89.33227,32.16176,105,328,100,1.25
-101.99656,41.48992,128,354,-999,-999
-101.32719,40.42967,66,15,30,0.5
-101.49919,39.49278,12,51,60,0.5
-101.50233,39.30166,10,113,80,0.75
-101.54911,39.146,15,152,90,1
-89.22562,35.89841,162,66,-999,-999
-101.09351,36.82899,143,273,-999,-999
-100.85363,35.67258,147,245,-999,-999
-100.67129,36.60637,123,267,90,0.5
-99.88112,36.60445,85,265,100,0.5
-79.28857,30.90297,138,139,-999,-999
-88.49957,35.58644,125,289,-999,-999
-88.71565,35.36073,132,282,-999,-999
-87.44008,35.78668,84,308,20,0.5
-81.38714,29.77939,107,128,20,0.5
-84.87198,30.6204,98,261,50,0.5
-89.33551,32.17405,143,246,-999,-999
-89.22671,35.90187,128,340,-999,-999
-89.88841,32.18944,129,218,-999,-999
-88.40683,35.71556,109,358,40,0.5
-89.87809,32.37482,120,221,50,0.5
-88.65095,35.76471,113,352,70,0.5
-88.51244,35.60983,103,355,70,0.5
-88.99872,35.68329,112,343,80,0.5
-89.68135,32.24799,120,215,90,0.5
-88.79437,35.22804,83,344,80,0.75
-88.70595,35.34972,89,348,100,1
-89.31857,32.16692,115,206,100,1.25
-103.18344,29.06311,153,266,-999,-999
-101.89534,29.03846,86,261,70,0.5
-101.63669,29.0987,72,262,80,0.5
-101.29494,29.04685,55,256,100,1.75
-101.70591,28.97599,77,257,100,2.5
-102.02851,28.33209,108,239,100,2.75
-80.94433,26.69397,132,18,-999,-999
-80.58845,22.14493,159,157,-999,-999
-101.53163,39.29151,143,101,-999,-999
-101.54573,39.12092,145,105,-999,-999
-84.87206,30.61396,59,149,30,0.5
-80.92433,26.69672,35,271,20,0.5
-88.40801,35.71467,82,222,30,0.5
-87.42732,35.79277,57,187,40,0.5
-88.78917,35.25699,115,220,50,0.5
-88.66049,35.75453,89,229,60,0.5
-88.94526,35.66698,103,232,70,0.5
-88.516,35.61434,90,222,80,0.5
-89.2232,35.91798,106,243,90,0.75
-88.68637,35.3606,107,220,100,0.75
-89.87865,32.20482,7,130,20,0.5
-89.63214,32.24809,18,96,90,0.5
-89.30704,32.1767,35,100,100,1
-101.21945,39.9189,142,336,-999,-999
-100.84771,35.67459,132,199,-999,-999
-101.24967,35.60868,143,206,-999,-999
-101.32121,40.44843,173,339,-999,-999
-101.48554,39.49421,126,326,-999,-999
-101.02354,39.87475,136,339,-999,-999
-101.41445,39.76609,138,331,-999,-999
-102.0793,35.96495,148,224,-999,-999
-101.59664,39.61728,135,326,-999,-999
-100.35469,36.59989,72,195,40,0.5
-100.66767,36.6041,77,206,80,0.5
-101.52855,39.30219,118,322,100,0.5
-99.86794,36.59577,70,176,100,0.75
-101.529,39.14846,111,319,100,1
-86.35484,36.0753,16,69,40,0.5
-101.30308,29.03554,146,197,-999,-999
-101.6442,29.09142,149,204,-999,-999
-101.71206,28.9533,158,204,-999,-999
-101.26996,35.58919,129,63,-999,-999
-100.83814,35.66083,150,65,-999,-999
-102.13756,42.05226,128,166,-999,-999
-102.1497,42.04487,131,65,-999,-999
-101.96572,41.49357,130,80,-999,-999
-100.66061,36.61165,158,329,-999,-999
-101.26443,35.60108,135,304,-999,-999
-99.87828,36.59742,141,342,-999,-999
-100.80149,35.68896,120,312,100,0.5
-101.06118,36.83453,101,18,50,0.5
-100.65632,36.58729,96,32,80,0.5
-99.86215,36.60784,122,47,90,0.5
-100.73676,35.7244,56,58,100,0.5
-101.2319,35.62152,33,45,100,0.75
-79.28732,30.8675,127,79,-999,-999
-79.11241,31.7374,153,60,-999,-999
-81.65596,28.14586,140,179,-999,-999
-79.57843,30.07521,113,102,10,0.5
-79.68503,29.82942,112,110,10,0.5
-79.84538,29.41622,116,123,20,0.5
-80.47304,29.47657,88,133,40,0.5
-79.56591,30.37046,111,93,40,0.5
-101.71357,28.96346,180,172,-999,-999
-101.29943,29.0183,181,165,-999,-999
-104.06632,29.75403,163,217,-999,-999
-104.42448,30.85427,132,241,-999,-999
-103.52381,31.4265,75,246,10,0.5
-101.52171,39.18322,132,70,-999,-999
-101.53209,39.30379,134,67,-999,-999
-88.65649,35.78015,65,66,20,0.5
-89.40409,35.8506,38,37,30,0.5
-88.39315,35.72795,76,72,50,0.5
-87.44668,35.81339,122,76,60,0.5
-88.48428,35.61969,70,76,70,0.5
-88.94563,35.69413,50,65,80,0.5
-88.73959,35.24198,56,96,90,1
-88.67108,35.3734,59,88,100,1
-89.20112,35.92904,48,43,90,1.25
-79.14282,31.77812,110,118,20,0.5
-90.15064,28.28476,124,188,-999,-999
-90.95761,27.39245,186,199,-999,-999
-90.47869,28.17247,134,195,-999,-999
-90.71457,28.16697,138,200,-999,-999
-90.5868,27.61032,168,194,-999,-999
-90.39969,27.93282,147,192,-999,-999
-89.86338,32.20756,112,359,10,0.5
-89.86688,32.37462,122,359,30,0.5
-89.6674,32.2532,115,4,80,0.5
-89.32603,32.17524,113,13,100,1
-101.23599,39.91707,126,194,-999,-999
-101.46192,39.18661,171,194,-999,-999
-100.99926,39.89814,125,189,-999,-999
-101.44133,39.76952,137,197,-999,-999
-89.86961,32.20809,124,318,20,0.5
-102.00596,41.96772,64,271,30,0.5
-90.2877,31.30277,112,290,40,0.5
-101.98449,41.78243,64,261,40,0.5
-102.15385,42.09144,71,277,60,0.5
-89.63529,32.24567,118,323,80,0.5
-101.96469,41.54925,67,249,80,0.5
-89.30178,32.17801,105,329,100,0.75
-89.18491,35.91855,129,262,-999,-999
-87.43191,35.80165,50,238,40,0.5
-88.40178,35.71662,95,251,60,0.5
-88.97481,35.69557,122,255,80,0.5
-88.51,35.621,102,249,90,0.5
-88.77355,35.26257,123,242,90,0.75
-88.68827,35.37924,116,244,100,1
-88.71565,35.36073,132,282,-999,-999
-88.4857,35.62105,125,290,-999,-999
-88.77799,35.25114,134,279,-999,-999
-87.4564,35.79678,85,308,60,0.5
-88.40156,35.71127,123,293,60,0.5
-89.4127,35.83731,80,203,20,0.5
-88.66057,35.76941,78,176,50,0.5
-88.38989,35.71771,83,167,60,0.5
-88.94949,35.69028,83,186,90,0.5
-88.49064,35.6171,88,171,80,0.75
-88.772,35.26542,108,180,100,0.75
-88.66428,35.38456,101,177,100,1
-89.20393,35.91816,72,197,90,1.25
-78.6515,32.64949,81,188,10,0.5
-84.86104,30.60876,55,87,40,0.5
-89.18765,35.91105,164,66,-999,-999
-80.93187,26.69728,86,190,50,0.5
-100.81705,35.68754,145,245,-999,-999
-101.05043,36.86932,141,274,-999,-999
-100.65065,36.60769,122,267,80,0.5
-99.86054,36.60621,84,265,90,0.5
-80.47578,29.48398,156,122,-999,-999
-81.36495,29.80386,107,127,20,0.5
-84.87198,30.6204,98,261,30,0.5
-80.94069,26.58685,126,19,-999,-999
-80.58158,22.12947,160,157,-999,-999
-80.92386,26.66609,35,268,60,0.5
-89.1905,35.93036,129,341,-999,-999
-89.82978,32.19397,127,217,-999,-999
-88.65387,35.78124,114,352,10,0.5
-89.87809,32.37482,120,221,30,0.5
-88.7773,35.17996,80,344,30,0.5
-88.36792,35.71641,109,359,50,0.5
-88.51426,35.62646,104,355,80,0.5
-88.96046,35.69276,112,344,80,0.5
-89.63637,32.24252,119,214,90,0.5
-89.31014,32.18201,114,206,100,1
-88.74752,35.27313,85,346,100,1
-88.68287,35.38774,91,349,100,1
-96.35978,24.75958,90,140,10,0.5
-96.22586,24.8964,89,133,10,0.5
-101.51071,39.28777,144,101,-999,-999
-101.45382,39.18919,148,103,-999,-999
-100.8027,35.6933,132,22,-999,-999
-101.26721,35.58864,119,13,100,0.5
-86.35484,36.0753,16,69,30,0.5
-101.95526,41.56007,132,355,-999,-999
-101.54526,39.67831,20,21,30,0.5
-101.32145,40.44576,67,15,60,0.5
-101.46363,39.53738,15,47,90,0.5
-101.47803,39.30404,11,110,80,0.75
-101.49147,39.19884,14,136,100,1.75
-89.30003,32.18838,141,246,-999,-999
-103.16882,29.10884,152,267,-999,-999
-101.99353,28.8861,93,256,10,0.5
-101.85786,29.04414,84,261,30,0.5
-101.68745,28.97995,76,257,100,1.75
-101.9936,28.31454,107,238,100,2.5
-101.27652,29.05103,54,256,100,3
-101.70453,28.96865,157,204,-999,-999
-101.30308,29.03554,146,197,-999,-999
-104.391,30.87107,130,241,-999,-999
-101.30419,29.03449,180,165,-999,-999
-101.71357,28.96346,180,172,-999,-999
-104.02202,29.7264,163,216,-999,-999
-103.84828,29.78517,155,214,-999,-999
-101.23004,35.58304,133,304,-999,-999
-99.83608,36.62605,142,343,-999,-999
-100.34663,36.62023,151,334,-999,-999
-100.61193,36.63567,158,330,-999,-999
-100.78832,35.72632,121,313,100,0.5
-101.48101,39.19371,134,70,-999,-999
-101.51209,39.30986,135,67,-999,-999
-102.14802,42.0847,126,166,-999,-999
-79.21499,30.89131,141,138,-999,-999
-80.92927,26.7025,71,337,10,0.5
-87.42485,35.80934,56,187,40,0.5
-88.3945,35.7272,81,222,50,0.5
-88.46525,35.62268,88,221,70,0.5
-88.92936,35.67748,102,232,70,0.5
-88.66063,35.38648,105,220,100,0.75
-88.7635,35.2829,113,220,100,1
-89.16891,35.9416,103,243,100,1.25
-101.91612,41.57706,133,78,-999,-999
-102.1499,42.08661,132,64,-999,-999
-79.28802,30.75563,126,82,-999,-999
-79.21097,30.87882,131,79,-999,-999
-81.6093,28.13019,141,178,-999,-999
-79.14732,31.82341,154,58,-999,-999
-79.84538,29.41622,116,123,30,0.5
-80.47304,29.47657,88,133,40,0.5
-79.50826,30.36688,114,93,50,0.5
-79.76678,29.49324,117,120,50,0.5
-79.64124,29.88533,113,108,50,0.5
-79.48525,30.87255,117,78,60,0.5
-89.86192,32.36951,131,321,-999,-999
-89.86961,32.20809,124,318,40,0.5
-90.2693,31.29734,111,290,50,0.5
-89.6148,32.27987,119,324,80,0.5
-89.31205,32.19224,106,329,100,1
-89.85443,32.38243,9,47,20,0.5
-89.85218,32.20717,8,123,40,0.5
-89.63026,32.28999,18,88,70,0.5
-89.2837,32.19439,36,98,100,1
-89.51513,28.09752,135,173,-999,-999
-90.4315,28.17913,133,194,-999,-999
-90.5868,27.61032,168,194,-999,-999
-90.99305,27.29719,192,199,-999,-999
-90.70827,28.18273,137,200,-999,-999
-89.86653,32.35791,121,359,20,0.5
-80.93506,26.68081,87,190,40,0.5
-89.90175,32.20669,112,358,50,0.5
-89.62635,32.26716,116,5,80,0.5
-89.32153,32.1915,114,13,100,1
-80.90549,26.70642,34,272,10,0.5
-88.7714,35.2898,134,280,-999,-999
-88.4857,35.62105,125,290,-999,-999
-88.68671,35.39515,131,283,-999,-999
-87.4378,35.81637,85,309,40,0.5
-88.36608,35.73801,122,294,60,0.5
-100.62285,36.62946,99,32,50,0.5
-101.00587,36.87224,104,19,60,0.5
-102.18685,36.06401,55,335,70,0.5
-100.74735,35.73825,56,57,90,0.5
-99.80171,36.60305,124,48,90,0.5
-101.20891,35.62616,34,46,100,1
-80.58158,22.12947,160,157,-999,-999
-80.89146,26.7131,134,19,-999,-999
-101.21327,35.56909,131,64,-999,-999
-101.46192,39.18661,171,194,-999,-999
-101.35708,39.85507,131,196,-999,-999
-101.13277,39.50907,149,190,-999,-999
-101.423,39.81755,134,197,-999,-999
-101.32708,40.46098,96,201,10,0.5
-101.97332,41.8397,63,264,30,0.5
-101.93268,41.5793,65,250,100,0.75
-86.35484,36.0753,16,69,20,0.5
-100.94191,39.9341,138,341,-999,-999
-100.77831,35.72642,128,198,-999,-999
-101.21175,35.57602,144,205,-999,-999
-102.08958,36.01861,146,225,-999,-999
-101.43598,39.79502,140,331,-999,-999
-101.02968,36.86866,140,274,-999,-999
-100.63306,36.64415,121,268,50,0.5
-100.61663,36.64012,74,205,60,0.5
-101.49392,39.32355,118,323,90,0.5
-99.81969,36.61587,69,174,90,0.5
-100.05438,36.77892,59,184,90,0.5
-101.34422,39.52644,124,329,90,0.5
-99.8222,36.63348,82,266,90,0.5
-101.48004,39.20361,112,321,100,1.25
-89.29283,32.22566,189,171,-999,-999
-87.42667,35.81703,123,76,40,0.5
-88.37359,35.73287,77,72,60,0.5
-88.48428,35.61969,70,76,70,0.5
-88.927,35.70104,51,65,70,0.5
-88.73422,35.29072,56,93,90,0.75
-88.65241,35.4087,60,86,100,0.75
-89.18604,35.9632,50,42,90,1.5
-101.47453,39.1935,147,103,-999,-999
-88.9323,35.7256,172,71,-999,-999
-89.17264,35.96829,166,65,-999,-999
-88.67102,35.40804,180,78,-999,-999
-88.75195,35.29289,175,80,-999,-999
-84.86599,30.5923,98,260,20,0.5
-81.3347,29.78336,109,127,20,0.5
-89.15981,35.97426,131,342,-999,-999
-89.87656,32.20276,128,218,-999,-999
-89.8654,32.38759,119,221,20,0.5
-88.92199,35.70167,112,345,70,0.5
-88.47728,35.62889,104,356,80,0.5
-89.60402,32.28442,116,214,80,0.5
-88.65467,35.40909,92,350,90,0.75
-88.75252,35.28931,86,346,100,0.75
-89.3017,32.19709,113,206,100,1.25
-84.86104,30.60876,55,87,20,0.5
-89.17187,35.95814,128,263,-999,-999
-87.66811,35.80293,60,244,10,0.5
-87.42392,35.82272,49,239,10,0.5
-88.38256,35.72235,94,251,70,0.5
-88.91591,35.70971,119,255,80,0.5
-88.47212,35.63358,100,249,90,0.5
-88.67015,35.38689,115,244,100,0.75
-88.73805,35.27891,121,242,100,1
-88.36104,35.72326,83,166,50,0.5
-89.39694,35.86812,78,203,60,0.5
-88.45966,35.62125,88,170,80,0.5
-88.91999,35.688,83,185,90,0.5
-88.66533,35.40124,100,177,100,0.75
-88.772,35.28212,107,180,100,1
-89.18619,35.96611,69,197,100,1.5
-78.6542,32.63294,82,188,60,0.5
-104.89535,31.23452,100,112,80,0.5
-101.65457,28.97098,180,171,-999,-999
-104.35751,30.88785,128,241,-999,-999
-103.82735,29.81317,153,214,-999,-999
-104.01103,29.74009,162,216,-999,-999
-101.24148,29.03199,181,164,-999,-999
-101.46065,39.19895,135,70,-999,-999
-101.22096,35.59654,120,14,100,0.5
-96.31605,24.79371,90,138,20,0.5
